contig	in_length_contig	out_length_contig	dtr_seq	itr_seq
sample3_1	45971	45874	CAGAGCTAATCCGTGTCGGTGCCCGTCAAGGTAGCCAAGACGGTAACGTTCATGGCTTGAATCCTAACTACATGTACGCCCTAGAGTTAGGCAATCA	NA
sample3_2	45297	45297	NA	NA
sample3_3	42818	42818	NA	NA
sample3_4	39995	39995	NA	NA
sample3_5	38654	38654	NA	NA
sample3_6	27135	27135	NA	NA
sample3_7	26683	26683	NA	NA
sample3_8	26199	26199	NA	NA
sample3_9	26136	26136	NA	NA
sample3_10	25725	25725	NA	NA
sample3_11	23234	23234	NA	NA
sample3_12	21924	21924	NA	NA
sample3_13	19264	19264	NA	NA
sample3_14	18879	18879	NA	NA
sample3_15	18511	18511	NA	NA
sample3_16	16798	16798	NA	NA
sample3_17	16253	16253	NA	NA
sample3_18	15612	15612	NA	NA
sample3_21	14063	14063	NA	NA
sample3_22	13987	13987	NA	NA
sample3_23	13759	13759	NA	NA
sample3_24	13376	13376	NA	NA
sample3_25	13171	13171	NA	NA
sample3_26	11155	11155	NA	NA
sample3_27	10662	10662	NA	NA
sample3_28	10248	10248	NA	NA
sample3_30	9005	9005	NA	NA
sample3_33	8581	8581	NA	NA
sample3_34	8565	8565	NA	NA
sample3_35	8551	8551	NA	NA
sample3_39	7738	7738	NA	NA
sample3_42	7515	7515	NA	NA
sample3_43	7189	7189	NA	NA
sample3_44	6866	6866	NA	NA
sample3_45	6822	6822	NA	NA
sample3_46	6818	6818	NA	NA
sample3_47	6805	6805	NA	NA
sample3_48	6256	6256	NA	NA
sample3_49	6242	6242	NA	NA
sample3_50	6090	6090	NA	NA
sample3_51	6084	6084	NA	NA
sample3_55	5880	5880	NA	NA
sample3_56	5463	5463	NA	NA
sample3_57	5461	5461	NA	NA
sample3_60	5232	5232	NA	NA
sample3_61	5180	5180	NA	NA
sample3_62	5164	5164	NA	NA
sample3_64	4856	4856	NA	NA
sample3_66	4791	4791	NA	NA
sample3_67	4759	4759	NA	NA
sample3_69	4448	4448	NA	NA
sample3_70	4423	4423	NA	NA
sample3_71	4379	4379	NA	NA
sample3_73	4295	4295	NA	NA
sample3_74	4269	4269	NA	NA
sample3_80	4008	4008	NA	NA
sample3_82	3818	3818	NA	NA
sample3_85	3792	3792	NA	NA
sample3_86	3710	3710	NA	NA
sample3_87	3708	3708	NA	NA
sample3_88	3661	3661	NA	NA
sample3_91	3534	3534	NA	NA
sample3_92	3534	3534	NA	NA
sample3_94	3495	3495	NA	NA
sample3_97	3393	3393	NA	NA
sample3_98	3389	3389	NA	NA
sample3_99	3385	3385	NA	NA
sample3_103	3244	3244	NA	NA
sample3_105	3210	3210	NA	NA
sample3_108	3098	3098	NA	NA
sample3_112	3039	3039	NA	NA
sample3_114	2977	2977	NA	NA
sample3_115	2910	2910	NA	NA
sample3_116	2777	2777	NA	NA
sample3_118	2759	2759	NA	NA
sample3_120	2716	2716	NA	NA
sample3_122	2691	2691	NA	NA
sample3_123	2689	2689	NA	NA
sample3_126	2675	2675	NA	NA
sample3_127	2661	2661	NA	NA
sample3_132	2573	2573	NA	NA
sample3_135	2569	2569	NA	NA
sample3_140	2487	2487	NA	NA
sample3_141	2485	2485	NA	NA
sample3_142	2430	2430	NA	NA
sample3_144	2371	2371	NA	NA
sample3_147	2349	2349	NA	NA
sample3_151	2268	2268	NA	NA
sample3_155	2208	2208	NA	NA
sample3_159	2167	2167	NA	NA
sample3_162	2121	2121	NA	NA
sample3_164	2117	2117	NA	NA
sample3_167	2082	2082	NA	NA
sample3_168	2081	2081	NA	NA
sample3_170	2078	2078	NA	NA
sample3_172	2067	2067	NA	NA
sample3_174	2027	2027	NA	NA
sample3_177	2014	2014	NA	NA
sample3_180	2010	2010	NA	NA
sample3_181	1996	1996	NA	NA
sample3_185	1952	1952	NA	NA
sample3_189	1933	1933	NA	NA
sample3_191	1926	1926	NA	NA
sample3_197	1840	1840	NA	NA
sample3_201	1811	1811	NA	NA
sample3_202	1808	1808	NA	NA
sample3_205	1781	1781	NA	NA
sample3_206	1771	1771	NA	NA
sample3_208	1761	1761	NA	NA
sample3_211	1744	1744	NA	NA
sample3_212	1729	1729	NA	NA
sample3_214	1713	1713	NA	NA
sample3_215	1710	1710	NA	NA
sample3_217	1693	1693	NA	NA
sample3_221	1666	1666	NA	NA
sample3_222	1665	1665	NA	NA
sample3_224	1655	1655	NA	NA
sample3_225	1654	1654	NA	NA
sample3_230	1626	1626	NA	NA
sample3_231	1623	1623	NA	NA
sample3_235	1609	1609	NA	NA
sample3_236	1598	1598	NA	NA
sample3_243	1562	1562	NA	NA
sample3_245	1543	1543	NA	NA
sample3_249	1530	1530	NA	NA
sample3_256	1506	1506	NA	NA
sample3_257	1501	1501	NA	NA
sample3_264	1485	1485	NA	NA
sample3_268	1464	1464	NA	NA
sample3_269	1463	1463	NA	NA
sample3_276	1448	1448	NA	NA
sample3_277	1444	1444	NA	NA
sample3_278	1443	1443	NA	NA
sample3_281	1432	1432	NA	NA
sample3_287	1419	1419	NA	NA
sample3_290	1410	1410	NA	NA
sample3_292	1393	1393	NA	NA
sample3_293	1389	1389	NA	NA
sample3_296	1383	1383	NA	NA
sample3_298	1381	1381	NA	NA
sample3_306	1365	1365	NA	NA
sample3_307	1359	1359	NA	NA
sample3_311	1351	1351	NA	NA
sample3_313	1344	1344	NA	NA
sample3_319	1326	1326	NA	NA
sample3_326	1300	1300	NA	NA
sample3_327	1298	1298	NA	NA
sample3_332	1287	1287	NA	NA
sample3_336	1280	1280	NA	NA
sample3_340	1270	1270	NA	NA
sample3_343	1262	1262	NA	NA
sample3_346	1253	1253	NA	NA
sample3_348	1248	1248	NA	NA
sample3_353	1231	1231	NA	NA
sample3_357	1219	1219	NA	NA
sample3_358	1218	1218	NA	NA
sample3_371	1185	1185	NA	NA
sample3_373	1177	1177	NA	NA
sample3_374	1175	1175	NA	NA
sample3_376	1170	1170	NA	NA
sample3_383	1146	1146	NA	NA
sample3_389	1121	1121	NA	NA
sample3_391	1120	1120	NA	NA
sample3_401	1104	1104	NA	NA
sample3_403	1100	1100	NA	NA
sample3_405	1097	1097	NA	NA
sample3_407	1093	1093	NA	NA
sample3_412	1083	1083	NA	NA
sample3_415	1076	1076	NA	NA
sample3_416	1075	1075	NA	NA
sample3_419	1072	1072	NA	NA
sample3_420	1070	1070	NA	NA
sample3_431	1053	1053	NA	NA
sample3_436	1042	1042	NA	NA
sample3_437	1042	1042	NA	NA
sample3_441	1039	1039	NA	NA
sample3_442	1038	1038	NA	NA
sample3_443	1036	1036	NA	NA
sample3_456	1012	1012	NA	NA
sample3_457	1011	1011	NA	NA
sample3_461	1006	1006	NA	NA
sample3_462	1005	1005	NA	NA
sample3_464	1004	1004	NA	NA
sample3_466	1002	1002	NA	NA
sample3_467	1001	1001	NA	NA
sample3_468	1001	1001	NA	NA
