query	target	sequence_identity	align_length	evalue	bitscore	cdd_num	cdd_accession	shortname	description	other_num
sample3_105_2	cd13402	54.6	112	7.377e-32	119	381605.0	cd13402	LT_TF-like	"lytic transglycosylase-like domain of tail fiber-like proteins and similar domains. These tail fiber-like proteins are multi-domain proteins that include a lytic transglycosylase (LT) domain. Members of the LT family include the soluble and insoluble membrane-bound LTs in bacteria, the LTs in bacteriophage lambda, and the eukaryotic ""goose-type"" lysozymes (goose egg-white lysozyme; GEWL). LTs catalyze the cleavage of the beta-1,4-glycosidic bond between N-acetylmuramic acid (MurNAc) and N-acetyl-D-glucosamine (GlcNAc), as do ""goose-type"" lysozymes. However, in addition to this, they also make a new glycosidic bond with the C6 hydroxyl group of the same muramic acid residue."	117.0
sample3_115_3	PHA02606	77.6	173	3.643e-85	276	222906.0	PHA02606	5.1	hypothetical protein; Provisional	179.0
sample3_118_1	PHA02566	65.6	67	1.076e-22	90	222881.0	PHA02566	alt	ADP-ribosyltransferase; Provisional	684.0
sample3_118_2	pfam17602	60.0	96	9.126e-31	115	340317.0	pfam17602	DUF5498	Family of unknown function (DUF5498). This is a family of unknown function found in Myoviridae.	96.0
sample3_11_12	cd07022	52.7	211	2.8690000000000002e-58	211	132933.0	cd07022	S49_Sppa_36K_type	Signal peptide peptidase A (SppA) 36K type, a serine protease, has catalytic Ser-Lys dyad. Signal peptide peptidase A (SppA; Peptidase S49; Protease IV) 36K type: SppA is found in all three domains of life and is involved in the cleavage of signal peptides after their removal from the precursor proteins by signal peptidases. Members in this subfamily are all bacterial and include sohB peptidase and protein C. These are sometimes referred to as 36K type since they contain only one domain, unlike E. coli SppA that also contains an amino-terminal domain. Site-directed mutagenesis and sequence analysis have shown these SppAs to be serine proteases. The predicted active site serine for members in this family occurs in a transmembrane domain. Mutagenesis studies also suggest that the catalytic center comprises a Ser-Lys dyad and not the usual Ser-His-Asp catalytic triad found in the majority of serine proteases.	214.0
sample3_11_2	pfam18932	37.5	70	5.176e-07	48	436840.0	pfam18932	DUF5681	Family of unknown function (DUF5681). This domain family is found in bacteria, archaea and viruses, and is typically between 75 and 86 amino acids in length. There is a conserved SGNP sequence motif. There are two completely conserved G residues that may be functionally important.	77.0
sample3_11_3	pfam11443	34.9	347	1.2749999999999999e-53	198	431881.0	pfam11443	DUF2828	Domain of unknown function (DUF2828). This is a uncharacterized domain found in eukaryotes and viruses.	615.0
sample3_122_1	pfam05268	79.0	262	4.524e-135	425	147458.0	pfam05268	GP38	Phage tail fibre adhesin Gp38. This family contains several Gp38 proteins from T-even-like phages. Gp38, together with a second phage protein, gp57, catalyzes the organisation of gp37 but is absent from the phage particle. Gp37 is responsible for receptor recognition.	261.0
sample3_126_1	pfam10926	40.8	77	6.419e-11	58	431537.0	pfam10926	DUF2800	Protein of unknown function (DUF2800). This is a family of uncharacterized proteins found in bacteria and viruses. Some members of this family are annotated as being Phi APSE P51-like proteins.	366.0
sample3_12_24	pfam11041	26.4	197	1.021e-14	75	431622.0	pfam11041	DUF2612	Protein of unknown function (DUF2612). This is a phage protein family expressed from a range of Proteobacteria species. The function is not known.	181.0
sample3_13_19	COG2131	36.0	141	3.007e-20	87	225042.0	COG2131	ComEB	Deoxycytidylate deaminase  [Nucleotide transport and metabolism]. 	164.0
sample3_13_20	COG1793	21.8	230	1.411e-09	61	224706.0	COG1793	CDC9	ATP-dependent DNA ligase  [Replication, recombination and repair]. 	444.0
sample3_13_23	TIGR00691	24.6	126	4.92e-05	44	213552.0	TIGR00691	spoT_relA	(p)ppGpp synthetase, RelA/SpoT family. The functions of E. coli RelA and SpoT differ somewhat. RelA (EC 2.7.6.5) produces pppGpp (or ppGpp) from ATP and GTP (or GDP). SpoT (EC 3.1.7.2) degrades ppGpp, but may also act as a secondary ppGpp synthetase. The two proteins are strongly similar. In many species, a single homolog to SpoT and RelA appears reponsible for both ppGpp synthesis and ppGpp degradation. (p)ppGpp is a regulatory metabolite of the stringent response, but appears also to be involved in antibiotic biosynthesis in some species. [Cellular processes, Adaptations to atypical conditions]	683.0
sample3_13_25	COG4186	48.5	171	5.452e-43	155	226649.0	COG4186	COG4186	Calcineurin-like phosphoesterase superfamily protein [General function prediction only]. 	186.0
sample3_13_27	COG5606	51.7	47	7.503e-08	49	227893.0	COG5606	COG5606	Predicted DNA-binding protein, XRE-type HTH domain [General function prediction only]. 	91.0
sample3_13_33	PHA02594	45.0	503	3.4540000000000002e-124	407	222898.0	PHA02594	nadV	nicotinamide phosphoribosyl transferase; Provisional	470.0
sample3_14_14	PRK12759	34.4	320	8.138e-49	179	139206.0	PRK12759	PRK12759	bifunctional gluaredoxin/ribonucleoside-diphosphate reductase subunit beta; Provisional	410.0
sample3_14_16	PRK09102	47.9	617	1.167e-168	541	236378.0	PRK09102	PRK09102	ribonucleoside-diphosphate reductase subunit alpha. 	601.0
sample3_159_3	COG1403	53.4	55	7.804e-11	59	224321.0	COG1403	McrA	5-methylcytosine-specific restriction endonuclease McrA [Defense mechanisms]. 	146.0
sample3_15_1	pfam14386	59.3	183	1.535e-61	213	405135.0	pfam14386	DUF4417	Domain of unknown function (DUF4417). This family of proteins is functionally uncharacterized. This family of proteins is found in bacteria and viruses. Proteins in this family are typically between 220 and 340 amino acids in length. There is a single completely conserved residue G that may be functionally important.	182.0
sample3_15_21	pfam17388	55.9	129	1.034e-38	140	435889.0	pfam17388	GP24_25	Tail assembly protein Gp24 and Gp25. Bacteriophages (viruses of bacteria) use a specialized organelle called a tail to deliver their genetic material and proteins across the cell envelope during infection. In phages the most complex part of these contractile injection systems, the base-plate, is responsible for coordinating host recognition or other environmental signals with sheath contraction. In T4 phage, 15 different proteins encoded by Gene Products (Gps), make up the base-plate and proximal region of the tail tube. The base-plate is divided into inner, intermediate and peripheral regions. Gp25 is located in the inner region of the base-plate. It interacts with Gp53 connecting the core bundle to the central hub and the tube, stabilizing the entire assembly. Gp25 has a structurally conserved loop (residues 47-49), mediating the interaction between LysM (residues 46-82 in Gp53) and the core bundle. Orthologues of Gp25 contain an EPR motif (Glu-Pro-Arg, residues 85-87 of Gp25), which interacts with the core bundle and points towards the region of the Gp27-Gp48 interface. In summary, Gp25 plays a critical role in sheath assembly and contraction. This domain family is found on Gp24 and Gp25 Mycobacterium phages.	121.0
sample3_15_7	pfam16081	64.5	119	1.934e-43	154	435125.0	pfam16081	Phage_holin_7_1	Mycobacterial 2 TMS Phage Holin (M2 Hol) Family. Phage_holin_8_1 is a family of two transmembrane mycobacteriophage holins, small hydrophobic proteins that effect lysis of host mycobacterial cells in conjunction with a mycobacteria-specific lysin, lysB. The product of lysB gene targets the mycobacteria outer membrane, the last barrier to bacteriophage release.	121.0
sample3_164_3	cd07022	54.1	213	3.128e-62	220	132933.0	cd07022	S49_Sppa_36K_type	Signal peptide peptidase A (SppA) 36K type, a serine protease, has catalytic Ser-Lys dyad. Signal peptide peptidase A (SppA; Peptidase S49; Protease IV) 36K type: SppA is found in all three domains of life and is involved in the cleavage of signal peptides after their removal from the precursor proteins by signal peptidases. Members in this subfamily are all bacterial and include sohB peptidase and protein C. These are sometimes referred to as 36K type since they contain only one domain, unlike E. coli SppA that also contains an amino-terminal domain. Site-directed mutagenesis and sequence analysis have shown these SppAs to be serine proteases. The predicted active site serine for members in this family occurs in a transmembrane domain. Mutagenesis studies also suggest that the catalytic center comprises a Ser-Lys dyad and not the usual Ser-His-Asp catalytic triad found in the majority of serine proteases.	214.0
sample3_16_25	pfam19835	41.9	118	7.505e-21	90	437667.0	pfam19835	SegE_GIY-YIG	Putative endonuclease segE, GIY-YIG domain. This domain family is found in viruses. Proteins containing this domain are typically between 147 and 298 amino acids in length. They have a GIY-YIG domain at the N-terminal, which suggests they are likely to be endonucleases. Included in this family is the Putative endonuclease segE from Bacteriophage T4.	118.0
sample3_17_11	cd04762	41.9	46	0.0002666	37	133390.0	cd04762	HTH_MerR-trunc	Helix-Turn-Helix DNA binding domain of truncated MerR-like proteins. Proteins in this family mostly have a truncated helix-turn-helix (HTH) MerR-like domain. They lack a portion of the C-terminal region, called Wing 2 and the long dimerization helix that is typically present in MerR-like proteins. These truncated domains are found in response regulator receiver (REC) domain proteins (i.e., CheY), cytosine-C5 specific DNA methylases, IS607 transposase-like proteins, and RacA, a bacterial protein that anchors chromosomes to cell poles.	49.0
sample3_17_12	COG2131	61.7	48	7.467e-13	61	225042.0	COG2131	ComEB	Deoxycytidylate deaminase  [Nucleotide transport and metabolism]. 	164.0
sample3_17_20	pfam17510	73.6	109	7.32e-48	165	375207.0	pfam17510	Gp44	Mycobacterium phage hypothetical protein Gp44.1. This is a family with unknown function. Family members are hypothetical proteins found in Mycobacterium phages.	107.0
sample3_17_22	pfam02511	42.2	190	5.281e-38	143	426807.0	pfam02511	Thy1	Thymidylate synthase complementing protein. Thymidylate synthase complementing protein (Thy1) complements the thymidine growth requirement of the organisms in which it is found, but shows no homology to thymidylate synthase. The bacterial members of this family at least are flavin-dependent thymidylate synthases.	186.0
sample3_17_24	TIGR02505	60.3	445	1.592e-165	522	274169.0	TIGR02505	RTPR	ribonucleoside-triphosphate reductase, adenosylcobalamin-dependent. This model represents a group of adenosylcobalamin(B12)-dependent ribonucleotide reductases (RNR) related to the characterized species from Lactococcus leichmannii. RNR's are responsible for the conversion of the ribose sugar of RNA into the deoxyribose sugar of DNA. This is the rate-limiting step of DNA biosynthesis. Thus model identifies NrdJ enzymes only in cyanobacteria, lactococcus and certain bacteriophage. A separate model (TIGR02504) identifies a larger group of divergent B12-dependent RNR's. [Purines, pyrimidines, nucleosides, and nucleotides, 2'-Deoxyribonucleotide metabolism]	713.0
sample3_17_4	pfam10910	63.1	132	1.7189999999999998e-47	166	287830.0	pfam10910	DUF2744	Protein of unknown function (DUF2744). This is a viral family of proteins with unknown function.	119.0
sample3_181_2	pfam17318	71.5	31	1.067e-07	48	435860.0	pfam17318	DUF5361	Family of unknown function (DUF5361). This is a family of unknown function found in Bacteria.	36.0
sample3_18_18	pfam18909	55.2	98	3.0699999999999998e-27	106	436822.0	pfam18909	DUF5664	Siphovirus protein of unknown function (DUF5664). This family of proteins is found predominantly in siphoviruses. Proteins in this family are typically between 117 and 208 amino acids in length.	99.0
sample3_18_2	NF038329	43.2	131	6.228e-24	103	439624.0	NF038329	gly_rich_SclB	LPXTG-anchored collagen-like adhesin Scl2/SclB. SclB (or Scl2 - streptococcal collagen-like protein 2) is an LPXTG-anchored surface-anchored adhesin with a variable-length region of triple helix-forming collagen-like Gly-Xaa-Xaa repeats.	440.0
sample3_18_24	COG1403	46.8	43	4.835e-05	40	224321.0	COG1403	McrA	5-methylcytosine-specific restriction endonuclease McrA [Defense mechanisms]. 	146.0
sample3_1_15	cd11542	49.9	81	1.609e-16	78	212149.0	cd11542	NTP-PPase_u5	Nucleoside Triphosphate Pyrophosphohydrolase (EC 3.6.1.8) MazG-like domain found in a group of uncharacterized proteins from bacteria and archaea. This family corresponds to a group of uncharacterized hypothetical proteins from bacteria, showing a high sequence similarity to the dimeric 2-deoxyuridine 5'-triphosphate nucleotidohydrolase (dUTP pyrophosphatase or dUTPase) and NTP-PPase MazG proteins. However, unlike typical tandem-domain MazG proteins, members in this family consist of a single MazG-like domain that contains a well conserved divalent ion-binding motif EXX[E/D].	99.0
sample3_1_22	cd14498	23.6	135	2.808e-05	44	350348.0	cd14498	DSP	dual-specificity phosphatase domain. The dual-specificity phosphatase domain is found in typical and atypical dual-specificity phosphatases (DUSPs), which function as protein-serine/threonine phosphatases (EC 3.1.3.16) and protein-tyrosine-phosphatases (EC 3.1.3.48). Typical DUSPs, also called mitogen-activated protein kinase (MAPK) phosphatases (MKPs), deactivate MAPKs by dephosphorylating the threonine and tyrosine residues in the conserved Thr-Xaa-Tyr motif residing in their activation sites. All MKPs contain an N-terminal Cdc25/rhodanese-like domain, which is responsible for MAPK-binding, and a C-terminal catalytic dual specificity phosphatase domain. Atypical DUSPs contain the catalytic dual specificity phosphatase domain but lack the N-terminal Cdc25/rhodanese-like domain that is present in typical DUSPs or MKPs. Also included in this family are dual specificity phosphatase-like domains of catalytically inactive members such as serine/threonine/tyrosine-interacting protein (STYX) and serine/threonine/tyrosine interacting like 1 (STYXL1), as well as active phosphatases with substrates that are not phosphoproteins such as PTP localized to the mitochondrion 1 (PTPMT1), which is a lipid phosphatase, and laforin, which is a glycogen phosphatase.	135.0
sample3_1_3	PHA01740	31.1	95	5.882e-08	49	133956.0	PHA01740	PHA01740	putative single-stranded DNA-binding protein	158.0
sample3_211_2	pfam10983	52.5	79	6.205e-17	81	431578.0	pfam10983	DUF2793	Protein of unknown function (DUF2793). This is a bacterial family of proteins with unknown function.	86.0
sample3_21_1	TIGR02505	64.0	207	5.2979999999999996e-80	263	274169.0	TIGR02505	RTPR	ribonucleoside-triphosphate reductase, adenosylcobalamin-dependent. This model represents a group of adenosylcobalamin(B12)-dependent ribonucleotide reductases (RNR) related to the characterized species from Lactococcus leichmannii. RNR's are responsible for the conversion of the ribose sugar of RNA into the deoxyribose sugar of DNA. This is the rate-limiting step of DNA biosynthesis. Thus model identifies NrdJ enzymes only in cyanobacteria, lactococcus and certain bacteriophage. A separate model (TIGR02504) identifies a larger group of divergent B12-dependent RNR's. [Purines, pyrimidines, nucleosides, and nucleotides, 2'-Deoxyribonucleotide metabolism]	713.0
sample3_21_11	COG0596	29.3	257	1.581e-27	114	223669.0	COG0596	MhpC	Pimeloyl-ACP methyl ester carboxylesterase [Coenzyme transport and metabolism, General function prediction only]. 	282.0
sample3_21_12	pfam10686	50.9	71	1.41e-14	70	431435.0	pfam10686	DUF2493	Protein of unknown function (DUF2493). Members of this family are all Proteobacteria. The function is not known.	66.0
sample3_21_14	pfam17471	82.0	73	5.647e-35	126	340186.0	pfam17471	Gp63	Hypothetical phage protein Gp63. This is a family of unknown function found in Mycobacterium.	73.0
sample3_21_17	COG4186	35.4	188	1.476e-27	111	226649.0	COG4186	COG4186	Calcineurin-like phosphoesterase superfamily protein [General function prediction only]. 	186.0
sample3_21_19	pfam17469	86.3	68	2.676e-34	124	340184.0	pfam17469	Gp68	Phage protein Gp68. This is a domain of unknown function found in Mycobacterium phage.	78.0
sample3_21_29	pfam17441	66.1	53	1.218e-16	72	375192.0	pfam17441	DUF5419	Family of unknown function (DUF5419). This is a family of unknown function found in Rhodopseudomonas.	54.0
sample3_21_3	pfam17468	97.6	59	1.2e-34	124	340183.0	pfam17468	Gp52	Phage protein Gp52. This domain of unknown function is found in Mycobacterium phage.	61.0
sample3_21_30	pfam17338	30.4	108	1.269e-07	53	435872.0	pfam17338	GP88	Gene 88 protein. This family of unknown function is found in Bacteria.	231.0
sample3_21_6	pfam19905	64.2	79	1.443e-25	103	437737.0	pfam19905	DUF6378	Domain of unknown function (DUF6378). This domain of unknown function is found in proteins from bacteria and phages which are functionally uncharacterized. This domain is about 100 amino acids in length. It contains two conserved sequence motifs, KxxR and DxxxDxxGY.	81.0
sample3_21_7	TIGR02196	51.4	75	6.087e-17	75	274027.0	TIGR02196	GlrX_YruB	Glutaredoxin-like protein, YruB-family. This glutaredoxin-like protein family contains the conserved CxxC motif and includes the Clostridium pasteurianum protein YruB which has been cloned from a rubredoxin operon. Somewhat related to NrdH, it is unknown whether this protein actually interacts with glutathione/glutathione reducatase, or, like NrdH, some other reductant system.	74.0
sample3_225_1	pfam10547	60.5	93	4.428e-29	112	431351.0	pfam10547	P22_AR_N	P22_AR N-terminal domain. This domain was identified by Iyer and colleagues.	110.0
sample3_22_25	PHA02142	58.0	98	1.6789999999999998e-29	112	134000.0	PHA02142	PHA02142	putative RNA ligase	366.0
sample3_230_2	pfam08875	33.8	110	1.587e-11	63	286019.0	pfam08875	DUF1833	Domain of unknown function (DUF1833). This family of proteins are functionally uncharacterized and are predicted to adopt an all-beta fold. They are often found in gene neighborhoods containing genes for an NlpC peptidase and a Ubiquitin domain predicted to be involved in tail assembly.	150.0
sample3_23_15	pfam19905	55.0	86	8.574e-23	93	437737.0	pfam19905	DUF6378	Domain of unknown function (DUF6378). This domain of unknown function is found in proteins from bacteria and phages which are functionally uncharacterized. This domain is about 100 amino acids in length. It contains two conserved sequence motifs, KxxR and DxxxDxxGY.	81.0
sample3_245_1	PHA02552	71.4	81	1.715e-32	119	222870.0	PHA02552	4	head completion protein; Provisional	151.0
sample3_24_14	COG5532	55.3	276	4.1219999999999995e-89	293	227819.0	COG5532	yfdQ	Uncharacterized conserved protein YfdQ, DUF2303 family [Function unknown]. 	269.0
sample3_24_2	PRK10597	43.4	81	5.902e-14	66	182578.0	PRK10597	PRK10597	DNA damage-inducible protein I; Provisional	81.0
sample3_24_7	pfam16473	70.7	179	6.922000000000001e-78	256	406788.0	pfam16473	DUF5051	3' exoribonuclease, RNase T-like. This is a highly divergent 3' exoribonuclease family. The proteins constitute a typical RNase fold, where the active site residues form a magnesium catalytic centre. The protein of the solved structure readily cleaves 3' overhangs in a time-dependent manner. It is similar to DEDD-type RNases and is an unusual ATP-binding protein that binds ATP and dATP. It forms a dimer in solution and both protomers in the asymmetric unit bind a magnesium ion through Asp-6 in UniProtKB:P9WJ73.	177.0
sample3_24_8	pfam04448	60.8	69	4.427e-18	85	427954.0	pfam04448	DUF551	Protein of unknown function (DUF551). This family represents the carboxy terminus of a protein of unknown function, found in dsDNA viruses with no RNA stage, including bacteriophages lambda and P22, and also in some Escherichia coli prophages.	66.0
sample3_24_9	pfam13935	39.5	87	4.843e-11	62	379401.0	pfam13935	Ead_Ea22	Ead/Ea22-like protein. This family contains phage proteins and bacterial proteins that are likely to represent integrated phage proteins. This family includes the Lambda phage Ea22 early protein as well as the Bacteriophage P22 Ead protein.	139.0
sample3_257_4	cd11541	49.4	38	0.0006073	38	212148.0	cd11541	NTP-PPase_u4	Nucleoside Triphosphate Pyrophosphohydrolase (EC 3.6.1.8) MazG-like domain found in a group of uncharacterized proteins from bacteria and archaea. This family corresponds to a group of uncharacterized hypothetical proteins from bacteria, showing a high sequence similarity to the dimeric 2-deoxyuridine 5'-triphosphate nucleotidohydrolase (dUTP pyrophosphatase or dUTPase) and NTP-PPase MazG proteins. However, unlike typical tandem-domain MazG proteins, members in this family consist of a single MazG-like domain that contains a well conserved divalent ion-binding motif EXX[E/D].	91.0
sample3_264_2	PHA01816	91.3	159	8.338e-96	306	107086.0	PHA01816	PHA01816	hypothetical protein	160.0
sample3_268_1	pfam14359	43.9	94	2.777e-17	77	433901.0	pfam14359	DUF4406	Domain of unknown function (DUF4406). This family of proteins is functionally uncharacterized. This family of proteins is found in bacteria and viruses. Proteins in this family are typically between 98 and 145 amino acids in length.	90.0
sample3_268_2	pfam04447	60.3	88	1.881e-27	106	367945.0	pfam04447	DUF550	Protein of unknown function (DUF550). This family is found in a range of Proteobacteria and a few P-22 dsDNA virus particles. The function is currently not known.	97.0
sample3_268_3	pfam18909	55.6	98	3.258e-26	107	436822.0	pfam18909	DUF5664	Siphovirus protein of unknown function (DUF5664). This family of proteins is found predominantly in siphoviruses. Proteins in this family are typically between 117 and 208 amino acids in length.	99.0
sample3_26_1	COG5606	39.7	53	0.0001829	40	227893.0	COG5606	COG5606	Predicted DNA-binding protein, XRE-type HTH domain [General function prediction only]. 	91.0
sample3_26_5	cd00209	40.2	144	4.423e-25	103	238127.0	cd00209	DHFR	Dihydrofolate reductase (DHFR). Reduces 7,8-dihydrofolate to 5,6,7,8-tetrahydrofolate with NADPH as a cofactor. This is an essential step in the biosynthesis of deoxythymidine phosphate since 5,6,7,8-tetrahydrofolate is required to regenerate 5,10-methylenetetrahydrofolate which is then utilized by thymidylate synthase. Inhibition of DHFR interrupts thymidilate synthesis and DNA replication, inhibitors of DHFR (such as Methotrexate) are used in cancer chemotherapy.  5,6,7,8-tetrahydrofolate also is involved in glycine, serine, and threonine metabolism and aminoacyl-tRNA biosynthesis.	158.0
sample3_26_6	pfam00303	44.7	286	2.9299999999999997e-67	231	425593.0	pfam00303	Thymidylat_synt	Thymidylate synthase. This is a family of proteins that are flavin-dependent thymidylate synthases.	262.0
sample3_287_1	TIGR02307	64.9	125	6.369999999999999e-47	163	274076.0	TIGR02307	RNA_lig_RNL2	RNA ligase, Rnl2 family. Members of this family ligate (seal breaks in) RNA. Members so far include phage proteins that can counteract a host defense of cleavage of specific tRNA molecules, trypanosome ligases involved in RNA editing, but no prokaryotic host proteins . [Mobile and extrachromosomal element functions, Prophage functions, Transcription, RNA processing]	325.0
sample3_287_2	pfam11242	68.8	63	2.932e-22	89	402708.0	pfam11242	DUF2774	Protein of unknown function (DUF2774). This is a viral family of proteins with unknown function.	63.0
sample3_28_6	PHA02142	29.6	405	2.651e-48	180	134000.0	PHA02142	PHA02142	putative RNA ligase	366.0
sample3_2_11	pfam11041	32.8	180	5.674e-22	96	431622.0	pfam11041	DUF2612	Protein of unknown function (DUF2612). This is a phage protein family expressed from a range of Proteobacteria species. The function is not known.	181.0
sample3_2_30	COG3829	48.5	42	8.537e-05	41	226350.0	COG3829	RocR	Transcriptional regulator containing PAS, AAA-type ATPase, and DNA-binding Fis domains [Transcription, Signal transduction mechanisms]. 	560.0
sample3_2_51	PRK01617	100.0	17	6.402e-06	42	234966.0	PRK01617	PRK01617	hypothetical protein; Provisional	154.0
sample3_2_66	cd05782	25.2	113	0.00032	42	99825.0	cd05782	DNA_polB_like1_exo	Uncharacterized bacterial subgroup of the DEDDy 3'-5' exonuclease domain of family-B DNA polymerases. A subfamily of the 3'-5' exonuclease domain of family-B DNA polymerases. This subfamily is composed of uncharacterized bacterial family-B DNA polymerases. Family-B DNA polymerases contain an N-terminal DEDDy DnaQ-like exonuclease domain in the same polypeptide chain as the polymerase domain, similar to family-A DNA polymerases. This exonuclease domain contains three sequence motifs termed ExoI, ExoII and ExoIII, with a specific YX(3)D pattern at ExoIII. These motifs are involved in metal binding and catalysis. The exonuclease domain of family-B DNA polymerases has a fundamental role in proofreading activity. It contains a beta hairpin structure that plays an important role in active site switching in the event of a nucleotide misincorporation. Family-B DNA polymerases are predominantly involved in DNA replication and DNA repair.	208.0
sample3_2_68	cd11542	33.1	112	6.727e-11	62	212149.0	cd11542	NTP-PPase_u5	Nucleoside Triphosphate Pyrophosphohydrolase (EC 3.6.1.8) MazG-like domain found in a group of uncharacterized proteins from bacteria and archaea. This family corresponds to a group of uncharacterized hypothetical proteins from bacteria, showing a high sequence similarity to the dimeric 2-deoxyuridine 5'-triphosphate nucleotidohydrolase (dUTP pyrophosphatase or dUTPase) and NTP-PPase MazG proteins. However, unlike typical tandem-domain MazG proteins, members in this family consist of a single MazG-like domain that contains a well conserved divalent ion-binding motif EXX[E/D].	99.0
sample3_313_1	COG1351	37.1	204	1.5679999999999998e-33	129	224270.0	COG1351	ThyX	Thymidylate synthase ThyX [Nucleotide transport and metabolism]. 	273.0
sample3_348_1	PHA02609	77.8	76	5.41e-34	123	165004.0	PHA02609	uvsW.1	hypothetical protein; Provisional	76.0
sample3_35_11	pfam12961	45.4	76	1.799e-13	65	432902.0	pfam12961	DUF3850	Domain of Unknown Function with PDB structure (DUF3850). The search results from NCBI sequence alignment indicates a conserved domain belonging to ASCH superfamily. Dali searching results show that the protein is a structurally similar to the PUA domain, suggesting it may be involved in RNA recognition. It has been reported that the deletion of PUA genes results in impaired growth (RluD) and competitive disadvantage (TruB) in Escherichia coli. Suggestions have been put forward that, apart from their usual catalytic role, certain PUS enzymes (e.g. TruB) may also act as chaperones for RNA folding. The interface interaction indicates that the biomolecule of protein NP_809782.1 should be a dimer.	77.0
sample3_35_9	PHA01082	86.8	121	9.757999999999999e-67	220	222820.0	PHA01082	PHA01082	putative transcription regulator	133.0
sample3_389_2	pfam10746	56.2	59	2.08e-14	66	431471.0	pfam10746	Phage_holin_2_2	Phage holin T7 family, holin superfamily II. Holins are a diverse family of proteins that cause bacterial membrane lysis during late-protein synthesis.	60.0
sample3_3_21	cd11541	34.5	87	9.755e-08	52	212148.0	cd11541	NTP-PPase_u4	Nucleoside Triphosphate Pyrophosphohydrolase (EC 3.6.1.8) MazG-like domain found in a group of uncharacterized proteins from bacteria and archaea. This family corresponds to a group of uncharacterized hypothetical proteins from bacteria, showing a high sequence similarity to the dimeric 2-deoxyuridine 5'-triphosphate nucleotidohydrolase (dUTP pyrophosphatase or dUTPase) and NTP-PPase MazG proteins. However, unlike typical tandem-domain MazG proteins, members in this family consist of a single MazG-like domain that contains a well conserved divalent ion-binding motif EXX[E/D].	91.0
sample3_3_4	COG2131	37.2	144	6.013e-22	93	225042.0	COG2131	ComEB	Deoxycytidylate deaminase  [Nucleotide transport and metabolism]. 	164.0
sample3_420_2	pfam16075	49.7	170	1.754e-44	159	374348.0	pfam16075	DUF4815	Domain of unknown function (DUF4815). 	570.0
sample3_42_10	pfam14359	45.0	94	1.031e-17	79	433901.0	pfam14359	DUF4406	Domain of unknown function (DUF4406). This family of proteins is functionally uncharacterized. This family of proteins is found in bacteria and viruses. Proteins in this family are typically between 98 and 145 amino acids in length.	90.0
sample3_42_11	pfam18909	52.7	100	4.3580000000000005e-25	102	436822.0	pfam18909	DUF5664	Siphovirus protein of unknown function (DUF5664). This family of proteins is found predominantly in siphoviruses. Proteins in this family are typically between 117 and 208 amino acids in length.	99.0
sample3_42_13	PHA02450	100.0	50	2.331e-30	111	134010.0	PHA02450	PHA02450	hypothetical protein	53.0
sample3_42_2	COG0740	33.0	168	6.581000000000001e-20	91	223811.0	COG0740	ClpP	ATP-dependent protease ClpP, protease subunit [Posttranslational modification, protein turnover, chaperones]. 	200.0
sample3_43_1	TIGR02487	33.9	247	1.966e-34	137	274159.0	TIGR02487	NrdD	anaerobic ribonucleoside-triphosphate reductase. This model represents the oxygen-sensitive (anaerobic, class III) ribonucleotide reductase. The mechanism of the enzyme involves a glycine-centered radical, a C-terminal zinc binding site, and a set of conserved active site cysteines and asparagines. This enzyme requires an activating component, NrdG, a radical-SAM domain containing enzyme (TIGR02491). Together the two form an alpha-2/beta-2 heterodimer. [Purines, pyrimidines, nucleosides, and nucleotides, 2'-Deoxyribonucleotide metabolism]	579.0
sample3_44_10	cd00085	37.7	55	0.0008137	38	238038.0	cd00085	HNHc	HNH nucleases; HNH endonuclease signature which is found in viral, prokaryotic, and eukaryotic proteins. The alignment includes members of the large group of homing endonucleases, yeast intron 1 protein, MutS, as well as bacterial colicins, pyocins, and anaredoxins.	57.0
sample3_45_2	PHA00098	89.4	112	7.728e-64	211	222776.0	PHA00098	PHA00098	hypothetical protein	112.0
sample3_45_8	PHA01082	91.5	121	1.394e-71	234	222820.0	PHA01082	PHA01082	putative transcription regulator	133.0
sample3_464_1	NF038385	57.6	68	4.773e-18	78	439678.0	NF038385	IS66_access_TnpA	IS66-like element accessory protein TnpA. 	190.0
sample3_46_6	cd07733	27.5	170	1.724e-13	70	293819.0	cd07733	YycJ-like_MBL-fold	uncharacterized subgroup which includes Bacillus subtilis YycJ and related proteins; MBL-fold metallo hydrolase domain. Includes the uncharacterized Bacillus subtilis YycJ protein. Members of this subgroup belong to the MBL-fold metallo-hydrolase superfamily which is comprised mainly of hydrolytic enzymes which carry out a variety of biological functions. The class B metal beta-lactamases (MBLs) from which this fold was named are only a small fraction of the activities which are included in this superfamily. Activities carried out by superfamily members include class B beta-lactamases, hydroxyacylglutathione hydrolases, AHL (acyl homoserine lactone) lactonases, persulfide dioxygenases, flavodiiron proteins, cleavage and polyadenylation specificity factors such as the Int9 and Int11 subunits of Integrator, Sdsa1-like and AtsA-like arylsulfatases, 5'-exonucleases human SNM1A and yeast Pso2p, ribonuclease J and ribonuclease Z, cyclic nucleotide phosphodiesterases, insecticide hydrolases, and proteins required for natural transformation competence. Classical members of the superfamily are di-, or less commonly mono-, zinc-ion-dependent hydrolases, however the diversity of biological roles is reflected in variations in the active site metallo-chemistry.	151.0
sample3_47_13	PHA00646	72.5	69	1.7e-27	104	133916.0	PHA00646	PHA00646	hypothetical protein	65.0
sample3_47_2	PHA00645	45.9	125	5.852000000000001e-28	107	222806.0	PHA00645	PHA00645	hypothetical protein	125.0
sample3_4_11	pfam06222	70.4	127	2.5189999999999996e-53	182	368800.0	pfam06222	Phage_TAC_1	Phage tail assembly chaperone. 	126.0
sample3_4_12	pfam13227	52.3	52	1.145e-09	54	433044.0	pfam13227	DUF4035	Protein of unknown function (DUF4035). This family of proteins is functionally uncharacterized. This family of proteins is found in bacteria and viruses. Proteins in this family are typically between 67 and 93 amino acids in length.	55.0
sample3_4_16	cd08073	71.8	107	8.383000000000001e-43	157	163704.0	cd08073	MPN_NLPC_P60	Mpr1p, Pad1p N-terminal (MPN) domains with catalytic isopeptidase activity (metal-binding) found in proteins also containing NlpC/P60 domains. This family contains bacterial MPN (also known as Mov34, PAD-1, JAMM, JAB, MPN+)-like domains at the N-terminus of NlpC/P60 phage tail protein domains. These domains contain the signature JAB1/MPN/Mov34 metalloenzyme (JAMM) motif, EXnHS/THX7SXXD, which is involved in zinc ion coordination and provides the active site for isopeptidase activity for the release of ubiquitin from ubiquitinated proteins (thus having deubiquitinating (DUB) activity) that are tagged for degradation.  The JAMM proteins likely hydrolyze ubiquitin conjugates in a manner similar to thermolysin, in which the zinc-polarized aqua ligand serves as the nucleophile, compared with the classical DUBs that do so with a cysteine residue in the active site.	108.0
sample3_4_24	pfam06183	62.1	61	1.116e-17	77	428810.0	pfam06183	DinI	DinI-like family. This family of short proteins includes DNA-damage-inducible protein I (DinI) and related proteins. The SOS response, a set of cellular phenomena exhibited by eubacteria, is initiated by various causes that include DNA damage-induced replication arrest, and is positively regulated by the co- protease activity of RecA. Escherichia coli DinI, a LexA-regulated SOS gene product, shuts off the initiation of the SOS response when overexpressed in vivo. Biochemical and genetic studies indicated that DinI physically interacts with RecA to inhibit its co-protease activity. The structure of DinI is known.	63.0
sample3_4_28	pfam13986	59.5	45	3.031e-10	55	433627.0	pfam13986	DUF4224	Domain of unknown function (DUF4224). This presumed domain is functionally uncharacterized. This domain family is found in bacteria and viruses, and is approximately 50 amino acids in length. The protein is likely to be of phage origin and is found as protein Gp02 in the Xylella phage Xfas53.	45.0
sample3_4_31	pfam04447	76.7	97	1.048e-40	154	367945.0	pfam04447	DUF550	Protein of unknown function (DUF550). This family is found in a range of Proteobacteria and a few P-22 dsDNA virus particles. The function is currently not known.	97.0
sample3_4_32	pfam13935	37.9	89	1.564e-10	60	379401.0	pfam13935	Ead_Ea22	Ead/Ea22-like protein. This family contains phage proteins and bacterial proteins that are likely to represent integrated phage proteins. This family includes the Lambda phage Ea22 early protein as well as the Bacteriophage P22 Ead protein.	139.0
sample3_4_37	pfam14549	58.6	56	2.66e-14	66	405268.0	pfam14549	P22_Cro	DNA-binding transcriptional regulator Cro. Bacteriophage P22 Cro protein represses genes normally expressed in early phage development and is necessary for the late stage of lytic growth. It does this by binding to the OL and OR operator-regions normally used by the repressor protein for lysogenic maintenance.	60.0
sample3_4_39	NF041471	66.8	143	2.419e-56	192					
sample3_4_41	pfam09524	52.4	72	5.757e-14	74	430663.0	pfam09524	Phg_2220_C	Conserved phage C-terminus (Phg_2220_C). This entry represents the conserved C-terminal domain of a family of proteins found exclusively in bacteriophage and in bacterial prophage regions. The functions of this domain and the proteins containing it are unknown.	73.0
sample3_4_42	TIGR00498	49.4	78	2.711e-16	74	273106.0	TIGR00498	lexA	SOS regulatory protein LexA. LexA acts as a homodimer to repress a number of genes involved in the response to DNA damage (SOS response), including itself and RecA. RecA, in the presence of single-stranded DNA, acts as a co-protease to activate a latent autolytic protease activity (EC 3.4.21.88) of LexA, where the active site Ser is part of LexA. The autolytic cleavage site is an Ala-Gly bond in LexA (at position 84-85 in E. coli LexA; this sequence is replaced by Gly-Gly in Synechocystis). The cleavage leads to derepression of the SOS regulon and eventually to DNA repair. LexA in Bacillus subtilis is called DinR. LexA is much less broadly distributed than RecA. [DNA metabolism, DNA replication, recombination, and repair, Regulatory functions, DNA interactions]	199.0
sample3_4_44	pfam06147	39.4	170	5.465e-28	117	428790.0	pfam06147	DUF968	Protein of unknown function (DUF968). Family of uncharacterized prophage proteins found in Gammaproteobacteria. These may be HNH-nucleases, as there are several conserved cysteines and histidines.	171.0
sample3_4_45	pfam06530	77.7	118	2.3800000000000003e-56	190	428991.0	pfam06530	Phage_antitermQ	Phage antitermination protein Q. This family consists of several phage antitermination protein Q and related bacterial sequences. Antiterminator proteins control gene expression by recognising control signals near the promoter and preventing transcriptional termination which would otherwise occur at sites that may be a long way downstream.	118.0
sample3_4_47	pfam16931	56.5	124	9.975e-38	137	435663.0	pfam16931	Phage_holin_8	Putative phage holin. 	123.0
sample3_4_48	pfam05449	57.9	79	1.8329999999999999e-22	91	428477.0	pfam05449	Phage_holin_3_7	Putative 3TM holin, Phage_holin_3. This is a family of putative proteobacterial phage three-transmembrane-domain holins.	80.0
sample3_50_1	pfam06791	41.3	206	2.889e-37	151	429120.0	pfam06791	TMP_2	Prophage tail length tape measure protein. This family represents a conserved region located towards the N-terminal end of prophage tail length tape measure protein (TMP). TMP is important for assembly of phage tails and involved in tail length determination. Mutated forms TMP cause tail fibers to be shortened.	205.0
sample3_50_8	COG5471	52.3	105	2.059e-27	106	227758.0	COG5471	COG5471	Predicted phage recombinase, RecA/RadA family [Mobilome: prophages, transposons]. 	107.0
sample3_56_12	pfam06194	100.0	27	9.597e-14	62	283779.0	pfam06194	Phage_Orf51	Phage Conserved Open Reading Frame 51. Family of conserved bacteriophage open reading frames.	80.0
sample3_56_7	pfam11673	94.2	73	2.1220000000000002e-42	147	288515.0	pfam11673	DUF3269	Protein of unknown function (DUF3269). This family of proteins has no known function.	73.0
sample3_56_9	pfam11310	74.0	60	7.889e-24	93	288203.0	pfam11310	DUF3113	Protein of unknown function (DUF3113). This family of proteins has no known function. It has a highly conserved sequence.	60.0
sample3_5_14	pfam10666	89.0	140	5.597e-81	262	402344.0	pfam10666	Phage_TAC_8	Phage tail assembly chaperone protein Gp14 ()A118. This phage protein family is expressed from within a cluster of tail- and base plate-producing genes. It is a family of tail assembly chaperone proteins.	140.0
sample3_5_15	pfam06854	45.8	189	4.302e-44	159	429155.0	pfam06854	Phage_Gp15	Bacteriophage Gp15 protein. This family consists of bacteriophage Gp15 proteins and related bacterial sequences. The function of this family is unknown	170.0
sample3_5_22	TIGR01669	75.7	44	4.48e-16	70	273745.0	TIGR01669	phage_XkdX	phage uncharacterized protein, XkdX family. This model represents a family of small (about 50 amino acid) phage proteins, found in at least 12 different phage and prophage regions of Gram-positive bacteria. In a number of these phage, the gene for this protein is found near the holin and endolysin genes. [Mobile and extrachromosomal element functions, Prophage functions]	45.0
sample3_5_23	pfam10669	91.7	120	5.9780000000000005e-71	232	402347.0	pfam10669	Phage_Gp23	Protein gp23 (Bacteriophage A118). This is the highly conserved family of the major tail subunit protein.	120.0
sample3_5_25	cd14845	56.8	123	3.466e-35	137	350620.0	cd14845	L-Ala-D-Glu_peptidase_like	L-Ala-D-Glu peptidase, also known as L-alanyl-D-glutamate endopeptidase. This L-Ala-D-Glu peptidase family includes L-alanyl-D-glutamate peptidase (bacteriophage T5) (also known as L-alanoyl-D-glutamate endopeptidase), and Ply118 and Ply500 L-Ala-D-Glu peptidase. Bacteriophage endolysin degrades the peptidoglycan of the bacterial host from within, leading to cell lysis and release of progeny virions. The bacteriophage endolysin Ply118 cleaves between L-Ala and D-Glu residues of Listeria cell wall peptidoglycan. This family belongs to the MEROPS peptidase M15 subfamily C.	126.0
sample3_5_34	COG1476	45.8	62	2.768e-10	55	224393.0	COG1476	XRE	DNA-binding transcriptional regulator, XRE-family HTH domain  [Transcription]. 	68.0
sample3_5_39	COG2452	42.6	46	0.0001498	38	225296.0	COG2452	COG2452	Predicted site-specific integrase-resolvase  [Mobilome: prophages, transposons]. 	193.0
sample3_5_43	pfam04404	35.8	140	2.05e-18	85	427926.0	pfam04404	ERF	ERF superfamily. The DNA single-strand annealing proteins (SSAPs), such as RecT, Red-beta, ERF and Rad52, function in RecA-dependent and RecA-independent DNA recombination pathways. This family includes proteins related to ERF.	153.0
sample3_5_47	pfam07852	47.3	84	1.442e-15	76	369557.0	pfam07852	DUF1642	Protein of unknown function (DUF1642). The sequences making up this family are derived from various hypothetical phage and prophage proteins. The region in question is approximately 140 amino acids long.	136.0
sample3_5_50	TIGR01671	66.5	150	3.5239999999999997e-59	200	273746.0	TIGR01671	phage_TIGR01671	phage uncharacterized protein TIGR01671. This model represents an uncharacterized, well-conserved family of proteins found in bacteriophage and prophage regions of Gram-positive bacteria. [Mobile and extrachromosomal element functions, Prophage functions, Hypothetical proteins, Conserved]	151.0
sample3_5_52	KOG1665	44.5	54	4.733e-06	46	229606.0	KOG1665	KOG1665	KOG1665, AFH1-interacting protein FIP2, contains BTB/POZ domain and pentapeptide repeats [General function prediction only]	302.0
sample3_5_60	TIGR01637	45.8	130	4.1e-28	110	273725.0	TIGR01637	phage_arpU	phage transcriptional regulator, ArpU family. This model represents a family of phage proteins, including ArpU, called a putative autolysin regulatory protein. ArpU was described as a regulator of cellular muramidase-2 of Enterococcus hirae but appears to have been cloned from a prophage. This family appears related to the RinA family of bacteriophage transcriptional activators and to some sporulation-specific sigma factors. We propose that this is a phage transcriptional activator family. [Mobile and extrachromosomal element functions, Prophage functions, Regulatory functions, DNA interactions]	132.0
sample3_61_3	cd08073	67.0	107	1.654e-38	145	163704.0	cd08073	MPN_NLPC_P60	Mpr1p, Pad1p N-terminal (MPN) domains with catalytic isopeptidase activity (metal-binding) found in proteins also containing NlpC/P60 domains. This family contains bacterial MPN (also known as Mov34, PAD-1, JAMM, JAB, MPN+)-like domains at the N-terminus of NlpC/P60 phage tail protein domains. These domains contain the signature JAB1/MPN/Mov34 metalloenzyme (JAMM) motif, EXnHS/THX7SXXD, which is involved in zinc ion coordination and provides the active site for isopeptidase activity for the release of ubiquitin from ubiquitinated proteins (thus having deubiquitinating (DUB) activity) that are tagged for degradation.  The JAMM proteins likely hydrolyze ubiquitin conjugates in a manner similar to thermolysin, in which the zinc-polarized aqua ligand serves as the nucleophile, compared with the classical DUBs that do so with a cysteine residue in the active site.	108.0
sample3_61_6	TIGR01541	40.8	332	1.114e-67	237	273681.0	TIGR01541	tape_meas_lam_C	phage tail tape measure protein, lambda family. This model represents a relatively well-conserved region near the C-terminus of the tape measure protein of a lambda and related phage. This protein, which controls phage tail length, is typically about 1000 residues in length. Both low-complexity sequence and insertion/deletion events appear common in this family. Mutational studies suggest a ruler or template role in the determination of phage tail length. Similar behavior is attributed to proteins from distantly related or unrelated families in other phage. [Mobile and extrachromosomal element functions, Prophage functions]	332.0
sample3_62_1	pfam07278	48.2	147	1.3230000000000001e-35	133	429379.0	pfam07278	DUF1441	Protein of unknown function (DUF1441). This family consists of several hypothetical Enterobacterial proteins of around 160 residues in length. The function of this family is unknown. However, it appears to be distantly related to other HTH families so may act as a transcriptional regulator.	147.0
sample3_66_2	pfam06316	89.8	199	5.355e-119	375	115004.0	pfam06316	Ail_Lom	Enterobacterial Ail/Lom protein. This family consists of several bacterial and phage Ail/Lom-like proteins. The Yersinia enterocolitica Ail protein is a known virulence factor. Proteins in this family are predicted to consist of eight transmembrane beta-sheets and four cell surface-exposed loops. It is thought that Ail directly promotes invasion and loop 2 contains an active site, perhaps a receptor-binding domain. The phage protein Lom is expressed during lysogeny, and encode host-cell envelope proteins. Lom is found in the bacterial outer membrane, and is homologous to virulence proteins of two other enterobacterial genera. It has been suggested that lysogeny may generally have a role in bacterial survival in animal hosts, and perhaps in pathogenesis.	199.0
sample3_66_4	pfam06820	78.9	64	8.984e-28	106	148432.0	pfam06820	Phage_fiber_C	Putative prophage tail fibre C-terminus. This family represents the C-terminus of a prophage tail fibre protein found mostly in E. coli. All family members contain a conserved RLGP motif.	64.0
sample3_67_9	TIGR01603	65.7	58	1.524e-18	78	273713.0	TIGR01603	maj_tail_phi13	phage major tail protein, phi13 family. This model describes a set of proteins that share low levels of sequence similarity but similar lengths and similar patterns of charged, hydrophobic, and Gly/Pro residues. All members (except one attributed to mouse embryo cDNA) belong to phage of Gram-positive bacteria. Several are identified as phage major tail proteins. Some members of this family have additional C-terminal regions of about 100 residues not included in this model. [Mobile and extrachromosomal element functions, Prophage functions]	190.0
sample3_6_21	pfam13935	30.7	91	6.276e-06	46	379401.0	pfam13935	Ead_Ea22	Ead/Ea22-like protein. This family contains phage proteins and bacterial proteins that are likely to represent integrated phage proteins. This family includes the Lambda phage Ea22 early protein as well as the Bacteriophage P22 Ead protein.	139.0
sample3_6_22	COG4333	49.5	160	3.095e-41	149	226783.0	COG4333	COG4333	Uncharacterized protein [Function unknown]. 	167.0
sample3_6_29	COG4969	74.7	24	6.053e-05	39	227304.0	COG4969	PilA	Tfp pilus assembly protein, major pilin PilA [Cell motility, Extracellular structures]. 	125.0
sample3_6_43	PHA02587	20.5	313	2.945e-13	73	222893.0	PHA02587	30	DNA ligase; Provisional	488.0
sample3_6_45	COG2131	38.8	141	1.592e-23	96	225042.0	COG2131	ComEB	Deoxycytidylate deaminase  [Nucleotide transport and metabolism]. 	164.0
sample3_73_13	pfam17587	73.0	30	2.49e-08	47	340302.0	pfam17587	Dmd	Discriminator of mRNA degradation. This family includes Dmd peptides from T4 phages. Dmd can suppress the toxicities of toxins such as LsoA (an endoribonucleases toxin expressed by E.coli). Crystal structure analysis show that Dmd is inserted into the deep groove between the N-terminal repeated domain (NRD) and the Dmd-binding domain (DBD) of LsoA. Site-directed mutagenesis of Dmd revealed the conserved residues (W31 and N40) are necessary for LsoA binding and the toxicity suppression.	60.0
sample3_73_3	PHA02602	84.4	173	6.938e-95	304	177427.0	PHA02602	56	dCTP pyrophosphatase; Provisional	172.0
sample3_7_12	pfam11681	31.2	101	8.753e-08	52	431999.0	pfam11681	DUF3277	Protein of unknown function (DUF3277). This family of proteins represents a putative bacteriophage protein. No function is currently known.	144.0
sample3_7_23	pfam11041	31.5	188	3.527e-21	94	431622.0	pfam11041	DUF2612	Protein of unknown function (DUF2612). This is a phage protein family expressed from a range of Proteobacteria species. The function is not known.	181.0
sample3_7_35	cd11542	63.2	70	1.451e-19	90	212149.0	cd11542	NTP-PPase_u5	Nucleoside Triphosphate Pyrophosphohydrolase (EC 3.6.1.8) MazG-like domain found in a group of uncharacterized proteins from bacteria and archaea. This family corresponds to a group of uncharacterized hypothetical proteins from bacteria, showing a high sequence similarity to the dimeric 2-deoxyuridine 5'-triphosphate nucleotidohydrolase (dUTP pyrophosphatase or dUTPase) and NTP-PPase MazG proteins. However, unlike typical tandem-domain MazG proteins, members in this family consist of a single MazG-like domain that contains a well conserved divalent ion-binding motif EXX[E/D].	99.0
sample3_7_37	PHA02142	28.8	268	5.832e-28	115	134000.0	PHA02142	PHA02142	putative RNA ligase	366.0
sample3_80_1	PHA02557	64.1	39	4.855e-10	52	222874.0	PHA02557	22	prohead core protein; Provisional	271.0
sample3_80_4	PHA02608	47.0	88	5.718e-18	78	177433.0	PHA02608	67	prohead core protein; Provisional	80.0
sample3_80_7	PHA02539	87.6	69	8.425e-36	128	222862.0	PHA02539	18	tail sheath protein; Provisional	648.0
sample3_88_3	COG2452	38.5	54	5.243e-05	39	225296.0	COG2452	COG2452	Predicted site-specific integrase-resolvase  [Mobilome: prophages, transposons]. 	193.0
sample3_88_6	pfam04448	54.5	69	5.124e-17	74	427954.0	pfam04448	DUF551	Protein of unknown function (DUF551). This family represents the carboxy terminus of a protein of unknown function, found in dsDNA viruses with no RNA stage, including bacteriophages lambda and P22, and also in some Escherichia coli prophages.	66.0
sample3_8_19	pfam18763	41.7	126	5.434e-19	95	436719.0	pfam18763	ddrB-ParB	ddrB-like ParB superfamily domain. A member of the ParB/sulfiredoxin superfamily of proteins found in polyvalent proteins prototyped by the version in the phage P1 ddRB protein. These proteins are predicted to function as nucleases.	122.0
sample3_8_8	pfam18925	28.2	112	1.012e-06	49	436836.0	pfam18925	DUF5675	Family of unknown function (DUF5675). This presumed domain is found in bacteria, archaea, alveolata and caudoviruses. Proteins in this family are typically between 133 and 179 amino acids in length.	114.0
sample3_91_4	pfam14373	61.0	41	1.61e-09	52	433914.0	pfam14373	Imm_superinfect	Superinfection immunity protein. This family includes the E. coli bacteriophage T4 superinfection immunity (imm) protein. When E. coli is sequentially infected with two T-even type bacteriophage the DNA of the superinfecting phage is excluded from the host, into the periplasmic space. The immunity protein plays a role in this process.	42.0
sample3_92_3	pfam06222	75.3	125	1.116e-57	194	368800.0	pfam06222	Phage_TAC_1	Phage tail assembly chaperone. 	126.0
sample3_94_3	pfam05269	60.4	76	1.0309999999999999e-22	92	398780.0	pfam05269	Phage_CII	Bacteriophage CII protein. This family consists of several phage CII regulatory proteins. CII plays a key role in the lysis-lysogeny decision in bacteriophage lambda and related phages.	79.0
sample3_94_4	COG1476	43.4	65	1.268e-09	53	224393.0	COG1476	XRE	DNA-binding transcriptional regulator, XRE-family HTH domain  [Transcription]. 	68.0
sample3_99_2	PHA01817	97.0	479	4.4e-323	980	177326.0	PHA01817	PHA01817	hypothetical protein	479.0
sample3_9_17	NF038329	38.9	129	2.862e-19	89	439624.0	NF038329	gly_rich_SclB	LPXTG-anchored collagen-like adhesin Scl2/SclB. SclB (or Scl2 - streptococcal collagen-like protein 2) is an LPXTG-anchored surface-anchored adhesin with a variable-length region of triple helix-forming collagen-like Gly-Xaa-Xaa repeats.	440.0
sample3_9_35	pfam18909	55.8	87	9.62e-24	96	436822.0	pfam18909	DUF5664	Siphovirus protein of unknown function (DUF5664). This family of proteins is found predominantly in siphoviruses. Proteins in this family are typically between 117 and 208 amino acids in length.	99.0
